jar,treatment,temp,avg_GPP,avg_ER
A11,ambient,19.5,1.4666666666666728,-0.8176991150442511
A13,enriched,28.5,-3.1058823529412485,-0.23571428571429115
A25,enriched,25.5,-0.42580645161291303,-1.5931034482758686
A28,ambient,28.5,1.1478260869565482,0.7199999999999847
A31,ambient,25.5,1.5400000000000063,14.679310344827574
A35,enriched,19.5,-2.341935483870994,-1.060714285714326
A37,enriched,22.5,4.124999999999985,-0.8324324324324357
A7,ambient,22.5,1.999999999999993,0.5892857142856809
